id,Country/Territory,Year of MFN applied tariff,Binding coverage | Bound in %,Simple average | Bound,Simple average | MFN applied,Duty-free | Bound,Duty-free | MFN applied,Non-ad valorem duties | Bound,Non-ad valorem duties | MFN applied,Duties > 15% | Bound,Duties > 15% | MFN applied,Duties > 3 * AVG | Bound,Duties > 3 * AVG | MFN applied,Concessions not yet implemented in 2024,Maximum duty | Bound,Maximum duty | MFN applied,Number of distinct duty rates | Bound,Number of distinct duty rates | MFN applied,Coefficient of variation | Bound,Coefficient of variation | MFN applied,Number of MFN applied tariff lines,Country/Territory.1,N
8,Albania                                                                                                                                               ,2024,,9.7,7.7,10.2,12.3,0.0,0.0,17.5,0.0,0.0,0.0,0.0,     20,     15,6.0,6.0,57.0,59.0,2136.0,Albania,N
24,Angola                                                                                                                                                ,2023,,52.7,21.5,0.0,30.2,0.0,0.0,94.4,47.2,0.0,0.3,0.0,     60,     70,4.0,12.0,18.0,99.0,792.0,Angola,N
28,Antigua and Barbuda                                                                                                                                   ,,,105.0,,0.0,,0.0,,99.9,,0.0,,0.0,    220,,10.0,,17.0,,,Antigua and Barbuda,N
32,Argentina                                                                                                                                             ,2024,,32.4,9.5,0.1,10.9,0.0,0.0,95.2,15.2,0.0,1.2,0.0,     35,     35,13.0,21.0,24.0,63.0,1100.0,Argentina,N
51,Armenia                                                                                                                                               ,2024,,14.7,8.1,1.3,9.1,0.0,23.5,0.0,1.1,0.0,0.9,0.0,     15,     80,5.0,140.0,14.0,57.0,2582.0,Armenia,N
36,Australia                                                                                                                                             ,2024,,3.2,1.2,33.1,76.3,1.6,0.9,3.0,0.1,8.9,23.7,0.0,     29,     16,26.0,5.0,148.0,165.0,883.0,Australia,N
31,Azerbaijan                                                                                                                                            ,2024,,,13.0,,13.1,,7.4,,4.0,,1.6,,,    112,,17.0,,99.0,2224.0,Azerbaijan,
44,Bahamas                                                                                                                                               ,2024,,,14.7,,49.2,,0.2,,36.4,,12.6,,,    201,,16.0,,149.0,1085.0,Bahamas,
48,"Bahrain, Kingdom of                                                                                                                                   ",2024,,39.4,5.2,0.0,26.4,0.0,1.4,99.9,1.6,2.1,1.6,0.0,    200,    100,3.0,10.0,64.0,240.0,1301.0,"Bahrain, Kingdom of",N
50,Bangladesh                                                                                                                                            ,2024,,186.2,17.7,0.0,8.7,0.0,0.7,98.2,61.2,0.0,0.0,0.0,    200,     25,9.0,8.0,26.0,52.0,1171.0,Bangladesh,N
52,Barbados                                                                                                                                              ,,,111.0,,0.0,,0.0,,99.9,,0.0,,0.0,    223,,15.0,,23.0,,,Barbados,N
112,Belarus                                                                                                                                               ,2024,,,9.8,,9.1,,23.5,,6.6,,1.9,,,    193,,141.0,,118.0,2704.0,Belarus,
84,Belize                                                                                                                                                ,2024,,101.3,22.5,0.0,17.2,0.0,3.2,99.9,45.8,0.0,5.7,0.0,    110,    110,4.0,31.0,6.0,108.0,1176.0,Belize,N
204,Benin                                                                                                                                                 ,2024,,61.4,15.9,0.0,0.0,0.0,0.0,97.9,54.5,0.0,0.0,0.0,    100,     35,7.0,4.0,20.0,59.0,938.0,Benin,N
64,Bhutan                                                                                                                                                ,2024,,,9.8,,24.5,,0.0,,2.6,,2.6,,,    100,,4.0,,154.0,815.0,Bhutan,
68,"Bolivia, Plurinational State of                                                                                                                       ",2023,,40.0,13.2,0.0,0.8,0.0,0.0,100.0,22.0,0.0,2.7,0.0,     40,     40,2.0,7.0,2.0,50.0,1086.0,"Bolivia, Plurinational State of",N
70,Bosnia and Herzegovina                                                                                                                                ,2024,,,8.2,,36.9,,21.2,,16.8,,8.9,,,     96,,48.0,,108.0,2211.0,Bosnia and Herzegovina,
72,Botswana                                                                                                                                              ,2024,,36.5,8.4,21.9,46.7,0.0,12.3,72.4,21.5,2.3,6.2,0.0,    597,    102,51.0,79.0,136.0,132.0,1225.0,Botswana,N
76,Brazil                                                                                                                                                ,2024,,35.4,9.0,2.7,10.9,0.0,0.0,95.7,6.9,0.0,0.8,0.0,     55,     35,21.0,12.0,31.0,57.0,1084.0,Brazil,N
96,Brunei Darussalam                                                                                                                                     ,2024,,31.5,0.1,0.0,97.9,2.2,1.1,96.7,0.0,1.0,2.1,0.0, > 1000,     50,10.0,5.0,273.0,1117.0,1441.0,Brunei Darussalam,I
854,Burkina Faso                                                                                                                                          ,2024,,97.9,15.9,0.0,0.0,0.0,0.0,97.9,54.5,0.0,0.0,0.0,    100,     35,6.0,4.0,14.0,59.0,938.0,Burkina Faso,N
108,Burundi                                                                                                                                               ,2024,,95.0,24.3,2.8,15.1,0.0,0.9,96.2,69.6,0.0,0.9,0.0,    100,    100,5.0,8.0,23.0,64.0,802.0,Burundi,N
132,Cabo Verde                                                                                                                                            ,2024,,19.4,13.3,0.0,9.2,0.0,0.0,62.1,38.8,0.0,4.4,0.0,     55,     55,11.0,10.0,60.0,96.0,860.0,Cabo Verde,N
116,Cambodia                                                                                                                                              ,2024,,28.0,11.9,0.0,14.3,0.0,0.0,71.8,13.6,0.0,0.0,0.0,     60,     35,13.0,4.0,45.0,85.0,1441.0,Cambodia,N
120,Cameroon                                                                                                                                              ,2023,,80.0,22.4,0.0,0.0,0.0,0.0,99.9,68.7,0.0,0.0,0.0,     80,     30,1.0,4.0,0.0,43.0,899.0,Cameroon,N
124,Canada                                                                                                                                                ,2024,,15.8,15.1,48.0,68.7,18.4,11.0,8.8,8.4,6.1,6.1,0.0,    663,    663,302.0,214.0,292.0,303.0,1295.0,Canada,I
140,Central African Republic                                                                                                                              ,2024,,30.0,22.4,0.0,0.0,0.0,0.0,99.9,68.7,0.0,0.0,0.0,     30,     30,1.0,4.0,0.0,43.0,899.0,Central African Republic,N
148,Chad                                                                                                                                                  ,2024,,80.0,22.2,0.0,0.0,0.0,0.0,99.9,68.5,0.0,0.0,0.0,     80,     30,1.0,5.0,0.0,43.0,899.0,Chad,N
152,Chile                                                                                                                                                 ,2024,,26.1,6.0,0.0,0.0,0.0,1.0,100.0,0.0,0.7,0.0,0.0,     98,      6,3.0,2.0,24.0,0.0,1455.0,Chile,N
156,China                                                                                                                                                 ,2024,,15.7,14.0,5.9,7.0,0.0,0.1,35.5,27.6,2.9,3.3,0.0,     65,     65,40.0,36.0,75.0,85.0,1211.0,China,N
170,Colombia                                                                                                                                              ,2024,,92.0,14.2,0.0,2.8,0.0,15.0,99.9,3.7,0.0,3.3,0.0,    227,     98,47.0,15.0,37.0,114.0,1093.0,Colombia,N
174,Comoros                                                                                                                                               ,,,21.6,,0.7,,0.3,,85.9,,0.0,,0.0,     32,,10.0,,29.0,,,Comoros,I
178,Congo                                                                                                                                                 ,2023,,30.0,22.4,0.0,0.0,0.0,0.0,99.9,68.7,0.0,0.0,0.0,     30,     30,1.0,4.0,0.0,43.0,899.0,Congo,N
184,Cook Islands                                                                                                                                          ,2024,,,19.9,,95.7,,4.1,,4.2,,3.7,,, > 1000,,7.0,,368.0,1351.0,Cook Islands,
188,Costa Rica                                                                                                                                            ,2024,,43.2,12.2,0.0,0.1,0.0,0.0,90.7,8.3,1.0,5.9,0.0,    233,    151,14.0,19.0,63.0,125.0,2023.0,Costa Rica,N
384,Côte d'Ivoire                                                                                                                                         ,2024,,14.9,15.7,0.1,0.0,0.0,0.0,1.1,54.5,0.9,0.0,0.0,     64,     35,8.0,4.0,37.0,59.0,938.0,Côte d'Ivoire,N
192,Cuba                                                                                                                                                  ,2023,,37.4,4.3,3.6,8.3,0.0,0.0,93.4,0.0,0.0,0.0,0.0,     40,      5,7.0,6.0,26.0,35.0,860.0,Cuba,N
180,Democratic Republic of the Congo                                                                                                                      ,,,97.8,,0.0,,0.0,,99.7,,0.0,,0.0,    100,,4.0,,13.0,,,Democratic Republic of the Congo,N
262,Djibouti                                                                                                                                              ,,,49.5,,0.0,,0.0,,99.7,,4.3,,0.0,    450,,10.0,,96.0,,,Djibouti,N
212,Dominica                                                                                                                                              ,2024,,112.7,22.2,0.0,24.7,0.0,0.1,99.9,47.9,0.0,5.7,0.0,    150,    150,3.0,19.0,20.0,125.0,1130.0,Dominica,N
214,Dominican Republic                                                                                                                                    ,2024,,39.3,14.7,0.0,32.2,0.0,0.0,98.9,53.6,0.0,2.7,0.0,     99,     99,12.0,12.0,25.0,107.0,1219.0,Dominican Republic,N
218,Ecuador                                                                                                                                               ,2024,,25.7,17.4,0.0,25.6,0.0,1.3,86.2,56.0,0.9,1.9,0.0,     86,     86,16.0,13.0,45.0,85.0,1133.0,Ecuador,N
818,Egypt                                                                                                                                                 ,    ,,94.8,,0.0,,1.6,,68.5,,2.2,,0.0, > 1000,,22.0,,450.0,,,Egypt,N
222,El Salvador                                                                                                                                           ,2024,,42.2,9.8,0.0,33.8,0.0,0.0,100.0,7.1,1.6,5.4,0.0,    164,    164,13.0,8.0,51.0,118.0,1394.0,El Salvador,N
748,Eswatini                                                                                                                                              ,2024,,39.0,8.4,22.5,46.7,0.0,12.3,71.9,21.6,2.3,6.2,0.0,    597,    110,52.0,79.0,131.0,133.0,1225.0,Eswatini,N
918,European Union                                                                                                                                        ,2024,,11.0,10.5,31.4,31.1,31.7,31.3,23.3,22.1,7.1,7.0,0.0,    279,    150,486.0,446.0,127.0,119.0,2136.0,European Union,I
242,Fiji                                                                                                                                                  ,2024,,43.5,21.5,0.0,21.3,2.2,3.5,99.7,9.8,0.8,2.5,0.0, > 1000, > 1000,8.0,21.0,95.0,446.0,869.0,Fiji,I
266,Gabon                                                                                                                                                 ,2024,,58.6,22.4,0.0,0.0,0.0,0.0,99.4,68.7,0.0,0.0,0.0,     60,     30,4.0,4.0,12.0,43.0,899.0,Gabon,N
270,The Gambia                                                                                                                                            ,2024,,105.3,15.9,0.0,0.0,0.0,0.0,99.9,54.5,0.0,0.0,0.0,    110,     35,6.0,4.0,18.0,59.0,938.0,The Gambia,N
268,Georgia                                                                                                                                               ,2024,,11.9,6.0,7.9,49.3,2.4,2.3,12.0,0.8,0.0,0.5,0.0,     30,     30,22.0,9.0,43.0,86.0,2225.0,Georgia,I
288,Ghana                                                                                                                                                 ,2024,,96.6,15.9,0.0,0.0,0.0,0.0,99.9,54.5,0.0,0.0,0.0,     99,     35,3.0,4.0,12.0,59.0,938.0,Ghana,N
308,Grenada                                                                                                                                               ,2024,,101.4,18.5,1.7,11.9,0.0,0.5,98.3,48.6,0.0,0.0,0.0,    200,     40,8.0,10.0,30.0,79.0,1126.0,Grenada,N
320,Guatemala                                                                                                                                             ,2024,,51.4,9.5,0.0,27.7,0.0,0.0,97.8,3.9,4.1,1.3,0.0,    257,     40,22.0,8.0,81.0,74.0,1107.0,Guatemala,N
324,Guinea                                                                                                                                                ,2024,,39.6,15.9,0.0,0.0,0.0,0.0,97.9,54.5,0.0,0.0,0.0,     75,     35,6.0,4.0,15.0,59.0,938.0,Guinea,N
624,Guinea-Bissau                                                                                                                                         ,2024,,40.1,15.9,0.0,0.0,0.0,0.0,100.0,54.5,0.0,0.0,0.0,     50,     35,2.0,4.0,3.0,59.0,938.0,Guinea-Bissau,N
328,Guyana                                                                                                                                                ,2023,,99.7,22.3,0.0,10.8,0.0,0.0,100.0,50.3,0.0,4.0,0.0,    100,    100,2.0,11.0,5.0,96.0,1127.0,Guyana,N
332,Haiti                                                                                                                                                 ,2024,,21.4,9.7,16.2,29.7,9.3,0.0,65.3,19.6,0.3,6.5,0.0,     70,     50,49.0,12.0,73.0,108.0,830.0,Haiti,N
340,Honduras                                                                                                                                              ,2024,,32.3,10.2,0.0,26.7,0.0,0.0,93.8,4.3,0.2,3.1,0.0,    164,    164,15.0,13.0,38.0,123.0,1082.0,Honduras,N
344,"Hong Kong, China                                                                                                                                      ",2024,,0.0,0.0,100.0,100.0,0.0,0.0,0.0,0.0,0.0,0.0,0.0,      0,      0,1.0,1.0,0.0,0.0,1062.0,"Hong Kong, China",N
352,Iceland                                                                                                                                               ,2024,,113.6,19.7,25.6,65.8,24.5,17.5,64.0,28.3,10.0,11.9,0.0,    574,    415,162.0,151.0,134.0,191.0,2160.0,Iceland,I
356,India                                                                                                                                                 ,2024,,113.1,36.7,0.0,4.9,0.3,0.4,98.5,87.7,0.0,4.9,0.0,    300,    150,19.0,41.0,46.0,78.0,1567.0,India,N
360,Indonesia                                                                                                                                             ,2024,,47.1,8.6,0.0,8.3,0.0,1.3,99.4,9.4,3.3,4.4,0.0,    210,    150,13.0,13.0,50.0,212.0,1441.0,Indonesia,N
376,Israel                                                                                                                                                ,    ,,78.0,,4.2,,0.3,,80.6,,2.6,,0.0,    560,,122.0,,88.0,,,Israel,N
388,Jamaica                                                                                                                                               ,2024,,97.3,19.4,1.5,30.5,0.3,0.0,97.6,49.5,0.0,1.4,0.0,    100,    100,6.0,11.0,16.0,91.0,1453.0,Jamaica,N
392,Japan                                                                                                                                                 ,2024,,13.4,11.9,34.1,35.4,15.1,13.1,21.9,20.4,7.2,5.6,0.0,    298,    298,198.0,247.0,177.0,186.0,1930.0,Japan,I
400,Jordan                                                                                                                                                ,2024,,23.7,10.7,1.4,41.4,1.2,2.0,57.7,14.8,3.4,3.5,0.0,    200,    200,19.0,23.0,131.0,248.0,951.0,Jordan,N
398,Kazakhstan                                                                                                                                            ,2024,,9.6,8.7,6.0,11.7,18.2,15.6,6.3,4.5,3.0,2.1,0.0,    194,    193,109.0,111.0,99.0,97.0,2734.0,Kazakhstan,I
404,Kenya                                                                                                                                                 ,2024,,100.0,25.3,0.0,11.5,0.0,7.1,99.9,69.6,0.0,0.7,0.0,    100,    100,1.0,19.0,0.0,62.0,802.0,Kenya,N
296,Kiribati                                                                                                                                              ,2024,,,0.0,,100.0,,0.0,,0.0,,0.0,,,      0,,1.0,,0.0,852.0,Kiribati,
410,"Korea, Republic of                                                                                                                                    ",2024,,61.4,57.0,2.2,5.4,4.3,2.8,76.5,53.2,7.7,8.7,0.0,    887,    887,130.0,95.0,210.0,237.0,1697.0,"Korea, Republic of",N
414,"Kuwait, the State of                                                                                                                                  ",2024,,100.0,5.4,0.0,23.6,0.0,7.3,100.0,1.6,0.0,1.6,0.0,    100,    100,1.0,5.0,0.0,238.0,1292.0,"Kuwait, the State of",N
417,Kyrgyz Republic                                                                                                                                       ,2024,,12.6,8.5,1.2,9.1,2.3,23.5,22.8,2.7,0.3,0.7,0.0,    126,    126,16.0,140.0,64.0,68.0,2586.0,Kyrgyz Republic,I
418,Lao People's Democratic Republic                                                                                                                      ,2024,,19.6,11.1,7.1,9.0,0.0,0.0,40.3,20.5,4.4,4.2,0.0,     90,     40,15.0,8.0,90.0,92.0,1460.0,Lao People's Democratic Republic,N
422,Lebanese Republic                                                                                                                                     ,2023,,,31.5,,22.2,,10.4,,24.6,,8.0,,, > 1000,,43.0,,285.0,859.0,Lebanese Republic,
426,Lesotho                                                                                                                                               ,2024,,199.0,8.4,0.0,46.7,0.0,12.3,100.0,21.5,0.0,6.2,0.0,    200,    110,2.0,79.0,8.0,133.0,1225.0,Lesotho,N
430,Liberia                                                                                                                                               ,2024,,23.8,15.9,0.0,0.0,0.0,0.0,73.0,54.5,0.0,0.0,0.0,     50,     35,8.0,4.0,38.0,59.0,938.0,Liberia,N
434,Libya                                                                                                                                                 ,2024,,,2.0,,69.4,,6.9,,2.8,,2.9,,,     30,,5.0,,272.0,828.0,Libya,
446,"Macao, China                                                                                                                                          ",2024,,0.0,0.0,99.9,100.0,0.0,0.0,0.0,0.0,0.0,0.0,0.0,      0,      0,1.0,1.0,0.0,0.0,919.0,"Macao, China",N
450,Madagascar                                                                                                                                            ,2024,,30.0,15.1,0.0,6.2,0.0,0.0,99.9,62.8,0.0,0.0,0.0,     30,     20,1.0,6.0,0.0,46.0,1015.0,Madagascar,N
454,Malawi                                                                                                                                                ,2023,,121.1,17.5,0.0,11.4,0.0,0.0,99.9,57.7,0.0,0.0,0.0,    125,     25,6.0,5.0,15.0,52.0,988.0,Malawi,N
458,Malaysia                                                                                                                                              ,2024,,52.0,7.0,12.7,74.5,21.5,5.0,26.2,7.7,7.7,6.0,0.0, > 1000, > 1000,173.0,42.0,298.0,473.0,1441.0,Malaysia,I
462,Maldives                                                                                                                                              ,2024,,44.7,11.5,0.0,75.4,0.0,2.6,99.9,22.1,5.4,8.9,0.0,    300,    300,2.0,14.0,138.0,263.0,1194.0,Maldives,N
466,Mali                                                                                                                                                  ,2024,,59.1,15.9,0.0,0.0,0.0,0.0,98.0,54.5,0.0,0.0,0.0,     75,     35,6.0,4.0,13.0,59.0,938.0,Mali,N
478,Mauritania                                                                                                                                            ,2023,,38.7,15.3,0.0,2.8,0.0,0.0,98.1,53.4,0.0,0.0,0.0,     75,     35,7.0,5.0,45.0,62.0,918.0,Mauritania,N
480,Mauritius                                                                                                                                             ,2024,,119.4,1.6,0.0,92.7,0.0,0.0,99.9,1.7,0.0,7.3,0.0,    122,    100,3.0,5.0,12.0,318.0,988.0,Mauritius,N
484,Mexico                                                                                                                                                ,2024,,45.0,11.4,0.4,31.3,7.3,4.8,95.4,33.4,4.5,3.4,0.0,    254,     75,41.0,21.0,89.0,94.0,959.0,Mexico,I
583,"Micronesia, Federated States of                                                                                                                       ",2024,,,5.8,,0.0,,1.5,,7.6,,7.4,,,    233,,8.0,,201.0,879.0,"Micronesia, Federated States of",
498,"Moldova, Republic of                                                                                                                                  ",2024,,13.9,12.6,3.1,9.9,9.0,8.2,19.8,14.9,2.0,2.0,0.0,     75,     75,28.0,29.0,69.0,76.0,2197.0,"Moldova, Republic of",N
496,Mongolia                                                                                                                                              ,2024,,18.8,6.3,0.9,3.6,0.0,0.0,73.3,4.3,0.3,4.3,0.0,     75,     40,11.0,9.0,27.0,92.0,984.0,Mongolia,N
893,Montenegro                                                                                                                                            ,2024,,10.9,8.8,22.9,29.9,0.0,3.5,23.7,20.8,4.4,7.4,0.0,     50,     46,51.0,43.0,88.0,86.0,2353.0,Montenegro,N
504,Morocco                                                                                                                                               ,2024,,54.4,28.2,0.0,0.0,0.0,0.0,99.9,52.3,8.4,5.7,0.0,    289,    200,41.0,17.0,96.0,124.0,2054.0,Morocco,N
508,Mozambique                                                                                                                                            ,2024,,100.0,14.1,0.0,5.9,0.0,0.0,99.9,63.0,0.0,0.0,0.0,    100,     20,1.0,4.0,0.0,58.0,840.0,Mozambique,N
104,Myanmar                                                                                                                                               ,2024,,104.6,15.9,0.8,8.3,0.7,0.0,83.9,34.3,3.6,0.9,0.0,    550,     60,21.0,12.0,91.0,80.0,1589.0,Myanmar,N
516,Namibia                                                                                                                                               ,2024,,39.0,8.4,22.5,46.7,0.0,12.3,71.9,21.5,2.3,6.2,0.0,    597,    110,52.0,79.0,131.0,133.0,1225.0,Namibia,N
520,Nauru                                                                                                                                                 ,2024,,,14.0,,24.9,,2.8,,3.8,,2.5,,, > 1000,,18.0,,375.0,886.0,Nauru,
524,Nepal                                                                                                                                                 ,2024,,41.3,15.8,0.0,0.8,0.0,5.1,95.6,16.2,1.1,2.4,0.0,    200,    200,12.0,19.0,55.0,150.0,940.0,Nepal,N
554,New Zealand                                                                                                                                           ,2024,,5.8,1.4,55.9,72.5,0.2,0.1,12.8,0.0,10.2,27.4,0.0,     43,      5,60.0,3.0,110.0,135.0,1108.0,New Zealand,I
558,Nicaragua                                                                                                                                             ,2024,,43.6,10.6,0.0,26.6,0.0,0.0,100.0,5.4,0.7,4.3,0.0,    200,    164,6.0,12.0,37.0,114.0,1276.0,Nicaragua,N
562,Niger                                                                                                                                                 ,2024,,84.6,15.9,0.0,0.0,0.0,0.0,98.1,54.5,0.0,0.0,0.0,    200,     35,7.0,4.0,76.0,59.0,938.0,Niger,N
566,Nigeria                                                                                                                                               ,2024,,150.0,15.9,0.0,0.0,0.0,0.0,99.9,54.5,0.0,0.0,0.0,    150,     35,1.0,4.0,0.0,59.0,938.0,Nigeria,N
807,North Macedonia                                                                                                                                       ,2024,,12.9,12.9,33.7,36.6,9.2,8.9,30.9,31.1,9.7,9.7,0.0,     65,     65,119.0,118.0,89.0,95.0,2246.0,North Macedonia,I
578,Norway                                                                                                                                                ,2024,,138.2,30.0,29.1,52.0,66.2,42.3,48.9,31.9,7.5,8.8,0.0, > 1000, > 1000,304.0,289.0,121.0,215.0,1449.0,Norway,I
512,Oman                                                                                                                                                  ,2024,,27.8,11.7,0.0,23.1,0.0,2.9,11.4,7.8,7.3,7.4,0.0,    200,    200,11.0,14.0,155.0,248.0,1292.0,Oman,N
586,Pakistan                                                                                                                                              ,2024,,96.2,13.0,0.0,5.7,0.4,5.0,93.1,46.8,0.0,2.4,0.0,    200,    145,12.0,22.0,21.0,109.0,899.0,Pakistan,N
585,Palau                                                                                                                                                 ,2024,,,0.0,,100.0,,0.0,,0.0,,0.0,,,      0,,1.0,,0.0,798.0,Palau,
591,Panama                                                                                                                                                ,2024,,27.4,12.0,0.5,28.8,0.1,0.0,79.5,8.3,1.5,3.6,0.0,    260,    260,31.0,25.0,79.0,179.0,1511.0,Panama,N
598,Papua New Guinea                                                                                                                                      ,2024,,43.2,12.2,0.0,46.7,6.9,6.2,80.2,22.7,0.3,10.6,0.0,    190,    190,18.0,26.0,52.0,162.0,941.0,Papua New Guinea,I
600,Paraguay                                                                                                                                              ,2024,,33.0,9.0,0.0,11.2,0.0,0.0,92.9,9.4,0.0,0.7,0.0,     35,     30,6.0,20.0,21.0,57.0,1086.0,Paraguay,N
604,Peru                                                                                                                                                  ,2023,,30.8,2.8,0.0,55.4,0.0,0.0,100.0,0.0,0.0,2.2,0.0,     68,     11,2.0,3.0,21.0,114.0,1088.0,Peru,N
608,Philippines                                                                                                                                           ,2024,,35.4,9.5,0.0,3.6,0.0,0.0,91.3,12.6,0.0,8.7,0.0,     60,     65,16.0,20.0,29.0,108.0,1462.0,Philippines,N
634,Qatar                                                                                                                                                 ,2024,,25.7,5.4,0.0,23.5,0.0,0.0,24.0,1.6,5.4,1.6,0.0,    200,    100,10.0,3.0,163.0,238.0,1302.0,Qatar,N
643,Russian Federation                                                                                                                                    ,2024,,10.8,9.7,3.0,9.5,22.9,23.5,6.9,6.2,2.8,2.0,0.0,    194,    193,135.0,141.0,120.0,120.0,2708.0,Russian Federation,I
646,Rwanda                                                                                                                                                ,2024,,74.4,24.1,2.9,15.2,0.0,0.9,95.4,69.5,0.0,0.8,0.0,    100,     80,8.0,9.0,27.0,63.0,802.0,Rwanda,N
659,Saint Kitts and Nevis                                                                                                                                 ,,,109.3,,0.0,,0.0,,99.4,,0.0,,0.0,    250,,17.0,,28.0,,,Saint Kitts and Nevis,N
662,Saint Lucia                                                                                                                                           ,,,115.1,,0.0,,0.0,,100.0,,0.0,,0.0,    250,,15.0,,24.0,,,Saint Lucia,N
670,Saint Vincent and the Grenadines                                                                                                                      ,2023,,115.1,18.2,0.0,11.3,0.0,1.3,99.9,44.5,0.0,0.7,0.0,    250,    100,16.0,14.0,23.0,98.0,1234.0,Saint Vincent and the Grenadines,N
882,Samoa                                                                                                                                                 ,,,27.0,,0.0,,3.4,,77.6,,0.8,,0.0,    312,,17.0,,56.0,,,Samoa,I
682,"Saudi Arabia, Kingdom of                                                                                                                              ",2024,,16.0,7.1,0.1,21.4,8.8,1.4,6.2,5.8,1.3,2.7,0.0,    799,    100,24.0,17.0,248.0,193.0,1728.0,"Saudi Arabia, Kingdom of",I
686,Senegal                                                                                                                                               ,2024,,29.9,15.9,0.0,0.0,0.0,0.0,99.1,54.5,0.0,0.0,0.0,     30,     35,2.0,4.0,5.0,59.0,938.0,Senegal,N
892,Serbia                                                                                                                                                ,2024,,,13.9,,2.9,,0.1,,42.9,,0.0,,,     30,,10.0,,59.0,2221.0,Serbia,
690,Seychelles                                                                                                                                            ,2024,,17.2,7.6,29.3,80.0,0.0,3.6,51.3,10.9,1.2,10.5,0.0,    200,    200,7.0,20.0,123.0,263.0,1059.0,Seychelles,N
694,Sierra Leone                                                                                                                                          ,2024,,40.3,15.9,0.0,0.0,0.0,0.0,100.0,54.5,0.0,0.0,0.0,     80,     35,4.0,4.0,12.0,59.0,938.0,Sierra Leone,N
702,Singapore                                                                                                                                             ,2024,,19.6,0.1,4.0,99.8,3.5,0.2,2.9,0.2,2.4,0.2,0.0, > 1000,     89,20.0,3.0,371.0,1597.0,1441.0,Singapore,I
90,Solomon Islands                                                                                                                                       ,,,72.6,,0.0,,3.5,,87.5,,0.1,,0.0,    487,,13.0,,43.0,,,Solomon Islands,I
706,Somalia                                                                                                                                               ,2024,,,20.7,,0.0,,5.3,,65.1,,0.0,,,     35,,7.0,,40.0,774.0,Somalia,
710,South Africa                                                                                                                                          ,2024,,39.0,8.3,22.5,46.7,0.0,12.3,71.8,21.5,2.3,6.2,0.0,    597,    108,52.0,79.0,131.0,133.0,1225.0,South Africa,N
728,South Sudan                                                                                                                                           ,2024,,,7.7,,0.0,,0.0,,9.0,,4.5,,,     30,,4.0,,79.0,782.0,South Sudan,
144,Sri Lanka                                                                                                                                             ,2024,,50.2,20.3,0.0,17.9,3.0,24.9,99.6,72.6,0.0,2.8,0.0,    175,    175,13.0,77.0,12.0,115.0,1131.0,Sri Lanka,N
740,Suriname                                                                                                                                              ,2024,,19.9,18.4,0.2,10.0,0.0,0.0,99.3,48.1,0.0,0.0,0.0,     20,     50,6.0,8.0,8.0,80.0,1025.0,Suriname,N
756,Switzerland                                                                                                                                           ,2024,,40.4,28.5,22.0,34.2,78.0,65.8,39.9,27.4,8.4,9.5,0.0, > 1000,    928,395.0,578.0,186.0,251.0,2170.0,Switzerland,I
158,Chinese Taipei                                                                                                                                        ,2024,,17.0,15.9,23.9,25.0,6.5,6.2,37.6,36.4,3.7,3.1,0.0,    664,    664,86.0,83.0,189.0,193.0,1519.0,Chinese Taipei,I
762,Tajikistan                                                                                                                                            ,,,10.7,,0.8,,3.0,,7.1,,0.7,,0.0,    194,,22.0,,77.0,,,Tajikistan,I
834,Tanzania                                                                                                                                              ,2024,,120.0,25.0,0.0,13.9,0.0,3.7,99.9,69.8,0.0,1.6,0.0,    120,    120,1.0,9.0,0.0,68.0,802.0,Tanzania,N
764,Thailand                                                                                                                                              ,2024,,37.9,28.3,2.5,12.2,43.1,23.8,91.7,68.0,2.3,4.6,0.0, > 1000,    226,88.0,74.0,109.0,99.0,1441.0,Thailand,I
626,Timor-Leste                                                                                                                                           ,2023,,16.2,2.5,0.0,0.0,0.0,0.4,23.8,0.0,7.9,0.3,0.0,     80,     10,9.0,3.0,84.0,12.0,1271.0,Timor-Leste,N
768,Togo                                                                                                                                                  ,2024,,80.0,15.9,0.0,0.0,0.0,0.0,99.9,54.5,0.0,0.0,0.0,     80,     35,1.0,4.0,0.0,59.0,938.0,Togo,N
776,Tonga                                                                                                                                                 ,2024,,19.2,7.9,0.0,47.1,0.0,0.0,83.6,3.7,0.0,0.0,0.0,     20,     20,2.0,4.0,10.0,99.0,851.0,Tonga,N
780,Trinidad and Tobago                                                                                                                                   ,2023,,88.6,19.0,5.8,42.8,0.0,2.3,88.2,47.4,0.0,3.2,0.0,    156,    100,11.0,27.0,39.0,106.0,1125.0,Trinidad and Tobago,N
788,Tunisia                                                                                                                                               ,2024,,116.0,30.3,0.0,12.4,0.0,0.0,100.0,65.2,0.0,0.0,0.0,    200,     50,27.0,9.0,33.0,49.0,3591.0,Tunisia,N
792,Türkiye                                                                                                                                               ,2024,,61.8,40.9,0.0,19.6,0.0,2.2,87.7,64.1,4.7,9.1,0.0,    225,    225,132.0,195.0,79.0,103.0,2286.0,Türkiye,N
800,Uganda                                                                                                                                                ,2024,,77.2,27.7,0.0,14.7,0.0,1.2,99.9,69.6,0.0,0.0,0.0,     80,     80,5.0,9.0,11.0,70.0,802.0,Uganda,N
804,Ukraine                                                                                                                                               ,2024,,10.9,9.1,12.3,22.4,1.1,1.3,24.8,18.2,0.8,0.9,0.0,     50,     50,26.0,24.0,69.0,75.0,2263.0,Ukraine,N
784,United Arab Emirates                                                                                                                                  ,2024,,25.6,5.4,0.0,23.5,0.0,7.4,5.7,1.6,5.7,1.6,0.0,    200,    100,2.0,5.0,168.0,238.0,1301.0,United Arab Emirates,N
826,United Kingdom                                                                                                                                        ,2024,,10.7,8.8,30.4,38.8,33.2,26.3,22.9,19.8,6.4,7.6,0.0,    272,    170,499.0,282.0,127.0,127.0,2159.0,United Kingdom,I
840,United States of America                                                                                                                              ,2024,,4.7,5.0,30.2,30.1,41.3,42.4,5.1,5.7,6.1,5.7,0.0,    350,    350,368.0,370.0,350.0,330.0,1731.0,United States of America,N
858,Uruguay                                                                                                                                               ,2024,,34.1,8.7,0.0,12.4,0.0,0.0,96.2,8.6,0.0,1.0,0.0,     55,     35,14.0,13.0,23.0,63.0,1547.0,Uruguay,N
548,Vanuatu                                                                                                                                               ,2024,,43.6,16.9,0.1,10.8,0.0,0.0,99.4,46.8,0.1,1.4,0.0,    210,     75,12.0,11.0,27.0,76.0,797.0,Vanuatu,N
862,"Venezuela, Bolivarian Republic of                                                                                                                     ",2023,,55.7,13.0,0.0,6.2,0.0,0.0,99.0,25.4,0.0,5.9,0.0,    135,     40,38.0,15.0,60.0,72.0,1191.0,"Venezuela, Bolivarian Republic of",N
704,Viet Nam                                                                                                                                              ,2024,,18.8,17.0,8.6,15.1,0.0,0.0,46.2,41.7,2.4,1.8,0.0,    135,    135,31.0,29.0,87.0,92.0,1473.0,Viet Nam,N
887,Yemen                                                                                                                                                 ,,,25.2,,0.0,,7.2,,80.9,,2.4,,0.0,    100,,24.0,,55.0,,,Yemen,N
894,Zambia                                                                                                                                                ,2024,,123.0,19.6,0.0,2.6,0.0,7.6,99.9,60.4,0.0,0.0,0.0,    125,     40,4.0,12.0,10.0,48.0,908.0,Zambia,N
716,Zimbabwe                                                                                                                                              ,,,141.0,,1.1,,2.5,,95.7,,0.0,,0.0,    150,,7.0,,26.0,,,Zimbabwe,N
